1,1,AVA The Elephant,5.74,http://ecx.images-amazon.com/images/I/51b7qODDwML._SY450_.jpg,http://amzn.to/1QY7r5G
1,1,College Foxes Packing Boxes,,http://www.productsofsharktank.com/wp-content/uploads/2014/11/0020_college-foxes.jpg,http://amzn.to/1NMZsnp
1,1,Mr. Tod’s Pie Factory,,http://ww1.prweb.com/prfiles/2012/06/27/9650729/gI_68134_Mr%20Tods%20Pie%20Factory%20Logo.jpg,http://amzn.to/1YCTbA1
1,1,WiSpots,,http://www.wispots.com/sites/default/files/wispots_logo.png,http://amzn.to/1NMZKL9 
1,2,A Perfect Pear,6.27,http://ecx.images-amazon.com/images/I/81i7P5mkRVL._SL1500_.jpg,http://amzn.to/1YCTiLP
1,2,Attached Note,32.99,http://ecx.images-amazon.com/images/I/51NH9Yg0aHL._SY450_.jpg,http://amzn.to/1NMZT13
1,2,Classroom Jams,43.79,http://ecx.images-amazon.com/images/I/31wcWXkRpbL._BO1,204,203,200_.jpg,http://amzn.to/1YCTnz5
1,3,50 State Capitals Deck,0.75,http://ecx.images-amazon.com/images/I/21Ff-dK8%2B0L.jpg,http://amzn.to/1YCUVt4
1,3,Chopstick Art,32.00,http://ecx.images-amazon.com/images/I/51SUCNpgTpL.jpg,http://amzn.to/1NN1yDQ
1,3,Stress Free Kids,12.09,http://ecx.images-amazon.com/images/I/41T255vL89L._SX324_BO1,204,203,200_.jpg,http://amzn.to/1YCV2ok
1,3,Turbo Baster,14.95,http://ecx.images-amazon.com/images/I/91RwvSrZnnL._SL1500_.jpg,http://amzn.to/1YCV3c3
1,3,Voyage Air Guitar,769.23,http://ecx.images-amazon.com/images/I/81K3zLp9HlL._SL1500_.jpg,http://amzn.to/1NN1GTX
1,4,Cover Play,29.99,http://ecx.images-amazon.com/images/I/81W-L8%2BTkaL._SL1496_.jpg,http://amzn.to/1OpbGZ6
1,5,Body Jac,56.99,http://ecx.images-amazon.com/images/I/414kZMoTfWL._SY450_.jpg,http://amzn.to/1OpbPeY
1,5,Granola Gourmet,36.08,http://ecx.images-amazon.com/images/I/81QfCsj2mpL._SY679SX448_SY679_CR,0,0,448,679_PIbundle-6,TopRight,0,0_SX448_SY679_CR,0,0,448,679_SH20_.jpg,http://amzn.to/1YCVN0L
1,6,Element Bars,15.38,http://ecx.images-amazon.com/images/I/91Xlk7vd0DL._SY679_.jpg,http://amzn.to/1YCVXFe
1,6,The Fizz,,http://www.icecreamfizz.com/wp-content/uploads/2013/04/fizz-logo-80pxhigh.png,http://www.icecreamfizz.com/
1,6,Underease Underwear,18.74,http://ecx.images-amazon.com/images/I/81U65gVcTCL._UL1500_.jpg,http://amzn.to/1YCW9o5
1,6,Pork Barrel Barbecue Sauce,11.83,http://ecx.images-amazon.com/images/I/41fCVQEm4pL.jpg,http://amzn.to/1YCWebi
1,7,Boogie Box Fitness,24.30,http://ecx.images-amazon.com/images/I/51KC2K6HBHL.jpg,http://amzn.to/1YCWfvZ
1,7,Grill Charms,17.50,http://ecx.images-amazon.com/images/I/61RhnZXtCPL._SL1500_.jpg,http://amzn.to/1Opck92
1,7,Soy-Yer-Dough,9.95,http://ecx.images-amazon.com/images/I/71W8WP3-KoL._SL1500_.jpg,http://amzn.to/1Opcj4W
1,8,Treasure Chest Pets,28.99,http://ecx.images-amazon.com/images/I/61I89%2B623RL._SL1000_.jpg,http://amzn.to/1YCWAyw
1,9,Chil Soda,25.36,http://ecx.images-amazon.com/images/I/61JrQoc8eEL._SY679SX451_SY679_CR,0,0,451,679_PIbundle-12,TopRight,0,0_SX451_SY679_CR,0,0,451,679_SH20_.jpg,http://amzn.to/1YCWEP0
1,10,Mr. Poncho,26.99,http://ecx.images-amazon.com/images/I/71E9%2BMUOBIL._SL1400_.jpg,http://amzn.to/1OpcIEm
1,10,The Uro Club,48.49,http://ecx.images-amazon.com/images/I/41VX2UThdaL._SY450_.jpg,http://amzn.to/1OpcMUI
1,11,Chef In Black, Inc.,11.99,http://ecx.images-amazon.com/images/I/71%2Bp7Y-EAJL._SL1500_.jpg,http://amzn.to/1YCWYgv
1,11,Hells Bells Helmets,79.99,http://ecx.images-amazon.com/images/I/71cxW-dawnL._SL1500_.jpg,http://amzn.to/1YCWXcF
1,11,Ink Flip,22.80,http://ecx.images-amazon.com/images/I/71kG-1yfKUL._SL1500_.jpg,http://amzn.to/1OpcVaB
1,11,Romp N’ Roll,14.29,http://ecx.images-amazon.com/images/I/81YCdLb3c9L._SL1500_.jpg,http://amzn.to/1YCX1ZN
1,12,Grease Monkey Wipes,20.99,http://ecx.images-amazon.com/images/I/81cN-RloY4L._SL1500_.jpg,http://amzn.to/1YCX3kx
1,12,The Podillow,24.99,http://ecx.images-amazon.com/images/I/71nBnl0l6HL._SL1500_.jpg,http://amzn.to/1Opd0vc,http://amzn.to/1Opd0vc
1,14,Nubrella,29.99,http://ecx.images-amazon.com/images/I/719z1E3LgFL._SL1500_.jpg,http://amzn.to/1OpdeSN
1,14,Qubits,24.95,http://ecx.images-amazon.com/images/I/61GJdKfZVSL._SL1000_.jpg,http://amzn.to/1Opdlhe
2,1,Carsik Bib,8.96,http://ecx.images-amazon.com/images/I/8123rta-QML._SL1500_.jpg,http://amzn.to/1OpdjWG
2,2,First Defense Nasal Screens,12.95,http://ecx.images-amazon.com/images/I/81oAlWpBP4L._SY679_.jpg,http://amzn.to/1YCXxHd
2,2,Vurtego Pogo Sticks,439.00,http://ecx.images-amazon.com/images/I/71e4GJgUNEL._SL1500_.jpg,http://amzn.to/1YCXATn
2,2,Wake N’ Bacon,44.72,http://ecx.images-amazon.com/images/I/81emFwcLJnL._SL1500_.jpg,http://amzn.to/1Opdstg
2,3,Broccoli Wad,9.99,http://ecx.images-amazon.com/images/I/51i73l4SSAL.jpg,http://amzn.to/1YCXDyI
2,3,HillBilly Brand,16.95,http://ecx.images-amazon.com/images/I/61ZR2fV86bL._UX679_.jpg,http://amzn.to/1OpdyB1
2,3,Ride On Carry On,59.99,http://ecx.images-amazon.com/images/I/412Tfn8ALWL._SY450_.jpg,http://amzn.to/1YCXMSz
2,4,OrigAudio,21.96,http://ecx.images-amazon.com/images/I/51HUDKJnkDL._SL1000_.jpg,http://amzn.to/1OpdAsD
2,4,Original Man Candle,14.95,http://ecx.images-amazon.com/images/I/51homl21AHL._SL1001_.jpg,http://amzn.to/1OpdDov
2,5,Wurkin Stiffs,40.00,http://ecx.images-amazon.com/images/I/818GaKglrTL._UX679_.jpg,http://amzn.to/1YCY240
2,6,Pure Ayre,12.89,http://ecx.images-amazon.com/images/I/418BfKVdjFL._SY450_.jpg,http://amzn.to/1YCY6kp
3,1,Chord Buddy,47.75,http://ecx.images-amazon.com/images/I/51ZNitzibYL._SX387_BO1,204,203,200_.jpg,http://amzn.to/1OpdXnb
3,2,Readerest Specsecure,12.98,http://ecx.images-amazon.com/images/I/51S3EvY%2B9PL.jpg,http://amzn.to/1Ope2ai
3,2,The Painted Pretzel,32.50,http://ecx.images-amazon.com/images/I/51N2NbICaBL.jpg,http://amzn.to/1Ope2Hp
3,3,Talbott Teas,15.99,http://ecx.images-amazon.com/images/I/81aadixREQL._SX522_.jpg,http://amzn.to/1Ope81O
3,3,The Last Lid,11.99,http://ecx.images-amazon.com/images/I/41u8msAEB8L._SY450_.jpg,http://amzn.to/1YCYq2B
3,4,Puppy Cake,6.99,http://ecx.images-amazon.com/images/I/71A1WR-kstL._SL1314_.jpg,http://amzn.to/1OpecyG
3,4,Show No,19.99,http://cdn3.bigcommerce.com/s-n4ecy/products/99/images/320/green_camo__40040.1401546573.220.290.jpg?c=2,http://www.showno.com/
3,4,Wine Balloon,28.50,http://ecx.images-amazon.com/images/I/61Y3rACopwL._SL1500_.jpg,http://amzn.to/1OpeghL
3,5,Litter Jewelry,19.99,http://ecx.images-amazon.com/images/I/61o%2BC2nSucL._UL1500_.jpg,http://amzn.to/1YCYE9L
3,5,Nardo’s Natural,14.99,http://ecx.images-amazon.com/images/I/51ORcq7ucFL._SX522_.jpg,http://amzn.to/1Opeky1
3,6,GoGo Gear,150.96,http://ecx.images-amazon.com/images/I/71bbvZ2CP6L._SL1500_.jpg,http://amzn.to/1Opempv
3,7,Invis-A-Rack,458.38,http://ecx.images-amazon.com/images/I/31pMTKeoTnL.jpg,http://amzn.to/1YCYJKP
3,7,I Want to Draw a Cat for You,0.99,http://ecx.images-amazon.com/images/I/519bD0zTXrL._SX355_BO1,204,203,200_.jpg,http://amzn.to/1YCYNtQ
3,9,Instant Lifts,19.95,http://ecx.images-amazon.com/images/I/81kW6vRjNEL._SX522_.jpg,http://amzn.to/1OpevJH
3,9,Tower Paddle Boards,799.00,http://ecx.images-amazon.com/images/I/41MOBTjfWHL._SY450_.jpg,http://amzn.to/1YCYVd0
3,9,Vinamor,43.97,http://ecx.images-amazon.com/images/I/71SNmIDBnhL._SL1500_.jpg,http://amzn.to/1OpeANE
3,10,Clean Bottle,9.00,http://ecx.images-amazon.com/images/I/71mk-EvC7ZL._SL1500_.jpg,http://amzn.to/1OpeFki
3,11,Kisstixx,13.59,http://ecx.images-amazon.com/images/I/71lKJBCk-kL._SX522SX522_SY542_CR,0,0,522,542_PIbundle-2,TopRight,0,0_SX522_SY542_CR,0,0,522,542_SH20_.jpg,http://amzn.to/1OpeIN3
3,12,Nitroforce,2499.00,http://ecx.images-amazon.com/images/I/813%2BfEnpVhL._SL1500_.jpg,http://amzn.to/1OpeLZa
3,12,ReMyxx (now called ReKixx),8.00,http://ecx.images-amazon.com/images/I/81ybcLljR6L._UY575_.jpg,http://amzn.to/1OpePbw
3,12,Unikey,199.00,http://ecx.images-amazon.com/images/I/51rGLPjYTUL._SY450_.jpg,http://amzn.to/1OpeQw0
3,13,AirBeds,39.99,http://ecx.images-amazon.com/images/I/51%2Bx48XfM2L._SL1000_.jpg,http://amzn.to/1OpeQMA
3,13,Boot Illusions,117.84,http://ecx.images-amazon.com/images/I/81McWQRz03L._UY575_.jpg,http://amzn.to/1YCZeoc
3,14,Lollacup,15.95,http://ecx.images-amazon.com/images/I/61dco8HiNAL._SL1500_.jpg,http://amzn.to/1YCZgfR
3,15,Billy Blanks Jr.’s Dance With Me,6.98,http://ecx.images-amazon.com/images/I/515OB%2BE16mL.jpg,http://amzn.to/1YCZhjO
3,15,Wild Squirrel Nut Butter,29.98,http://ecx.images-amazon.com/images/I/91cVV5b1p6L._SX522SX522_SY416_CR,0,0,522,416_PIbundle-2,TopRight,0,0_SX522_SY416_CR,0,0,522,416_SH20_.jpg,http://amzn.to/1YCZlA6
4,1,eCreamery,74.99,http://ecx.images-amazon.com/images/I/51PBN7PQovL.SX500_SY489_CR,0,0,500,489_PIbundle-4,TopRight,0,0_SX500_SY489_CR,0,0,500,489_SH20_.jpg,http://amzn.to/1OpfauD
4,1,Surfset Fitness,12.99,http://ecx.images-amazon.com/images/I/61qjvvthISL._UX679_.jpg,http://amzn.to/1OpfhGH
4,2,Bev Buckle,1800.00,http://ecx.images-amazon.com/images/I/81q1fP1Z1sL._SL1500_.jpg,http://amzn.to/1J5VOZ2
4,2,BuggyBeds,9.99,http://ecx.images-amazon.com/images/I/91SbFu1Kq-L._SL1500_.jpg,http://amzn.to/1Opfs4H
4,3,FuzziBunz,19.95,http://ecx.images-amazon.com/images/I/61vHfbymm0L._SL1000_.jpg,http://amzn.to/1J5VXf4
4,3,Liz Lovely Cookies,32.15,http://ecx.images-amazon.com/images/I/31S5M1kp9%2BL.AA220_PIbundle-6,TopRight,0,0_AA220_SH20_.jpg,http://amzn.to/1J5VYzQ
4,3,PostureNOW,55.22,http://ecx.images-amazon.com/images/I/6196QPMO-DL._SL1500_.jpg,http://amzn.to/1J5W4Hy
4,4,BagBowl,17.12,http://ecx.images-amazon.com/images/I/81%2BiDeYkLkL._SL1500_.jpg,http://amzn.to/1J5W8Hj
4,4,Lifter Hamper,39.99,http://ecx.images-amazon.com/images/I/815UA9IO7OL._SL1500_.jpg,http://amzn.to/1J5WbDc
4,5,Cozy Bug,26.71,http://ecx.images-amazon.com/images/I/41bNWmcLlsL._SL1037_.jpg,http://amzn.to/1OpfIAL
4,5,Marz Sprays,6.99,http://ecx.images-amazon.com/images/I/81HUZnQaE3L._SY679_.jpg,http://amzn.to/1J5WgXj
4,5,The Spatty,13.00,http://ecx.images-amazon.com/images/I/81tmwwcEbVL._SL1500_.jpg,http://amzn.to/1J5Wk9E
4,6,Eco Nuts,9.99,http://ecx.images-amazon.com/images/I/91lED7u4fVL._SX522_.jpg,http://amzn.to/1J5WwWh
4,6,Freaker,5.39,http://ecx.images-amazon.com/images/I/614scTjLTIL._SL1000_.jpg,http://amzn.to/1J5Wz4B
4,6,PRO-NRG,3.99,http://ecx.images-amazon.com/images/I/21bpbbrgqnL.jpg,http://amzn.to/1J5WzS9
4,7,Scrub Daddy,11.25,http://ecx.images-amazon.com/images/I/81Tne2rnw1L._SY679_.jpg,http://amzn.to/1OpfWru
4,7,Shemie,10.43,http://ecx.images-amazon.com/images/I/31ESU9d9ShL._SY450_.jpg,http://amzn.to/1J5WGNu
4,7,Solowheel,2300.00,http://ecx.images-amazon.com/images/I/91I0y-dEuvL._SL1500_.jpg,http://amzn.to/1J5WIos
4,8,Ice Chips,27.50,http://ecx.images-amazon.com/images/I/81QWwUg82LL._SX522_.jpg,http://amzn.to/1Opg1eT
4,10,Cool Wazoo,49.99,http://ecx.images-amazon.com/images/I/51BbE8jCowL.jpg,http://amzn.to/1Opg5LN
4,10,No Fly Cone,37.97,http://ecx.images-amazon.com/images/I/41E5sSjLVtL.jpg,http://amzn.to/1Opg6iK
4,10,Plate Topper,16.99,http://ecx.images-amazon.com/images/I/61ybGaq5H8L._SL1200_.jpg,http://amzn.to/1J5WVrI
4,11,RuckPack,39.99,http://ecx.images-amazon.com/images/I/51T6dmO5c8L.jpg,http://amzn.to/1Opg76m
4,12,Dura Tent,19.95,http://ecx.images-amazon.com/images/I/81deS37QLiL._SL1500_.jpg,http://amzn.to/1Opg7TK
4,12,Hot Tot,14.50,http://ecx.images-amazon.com/images/I/61XT3gjDhjL._SX522_.jpg,http://amzn.to/1J5X7Y8
4,12,The Game Face Company,6.99,http://ecx.images-amazon.com/images/I/51BMlEun3IL._AA160_.jpg,http://amzn.to/1OpgayV
4,13,Bibbitec,15.99,http://ecx.images-amazon.com/images/I/51-gYzgAETL._SL1000_.jpg,http://amzn.to/1J5Xbah
4,13,Cuddle Tunes,59.95,http://ecx.images-amazon.com/images/I/716LJRhdQ1L._SL1200_.jpg,http://amzn.to/1J5XeTw
4,13,SoundBender,3.12,http://ecx.images-amazon.com/images/I/61ijNqertAL._SL1151_.jpg,http://amzn.to/1J5Xgef
4,13,Xero Shoes,20.00,http://ecx.images-amazon.com/images/I/616Hsp0XyTL._UX695_.jpg,http://amzn.to/1J5Xn9A
4,14,Teddy Needs a Bath,49.99,http://ecx.images-amazon.com/images/I/51xwqeoUU+L._AA160_.jpg,http://amzn.to/1OpgjSZ
4,15,Green Garmento,9.98,http://ecx.images-amazon.com/images/I/812Oe9qFgmL._SL1500_.jpg,http://amzn.to/1OpgiP3
4,15,Grinds Coffee Pouches,19.99,http://ecx.images-amazon.com/images/I/41bkskfXNGL._AA160_.jpg,http://amzn.to/1Opglud
4,15,Hoodie Pillow,24.95,http://ecx.images-amazon.com/images/I/51HGKNw3fGL.jpg,http://amzn.to/1YD0YO1
4,16,Muddy Water Camo,17.95,http://ecx.images-amazon.com/images/I/71hKOo0WOOL._SL1000_.jpg,http://amzn.to/1YD11cE
4,16,Proof Eyewear,130.00,http://ecx.images-amazon.com/images/I/71PF5ThgHJL._UX679_.jpg,http://amzn.to/1YD11JV
4,17,Cell Helmet,12.95,http://ecx.images-amazon.com/images/I/310mi-HRZkL.jpg,http://amzn.to/1OpiBBH
4,19,Drop Stop,19.99,http://ecx.images-amazon.com/images/I/91SHDkyjYNL._SL1500_.jpg,http://amzn.to/1YD42Ka
4,21,Vermont Butcher Block and Board Company,45.98,http://ecx.images-amazon.com/images/I/710fOOibhTL._SL1500_.jpg,http://amzn.to/1OpiVAb
4,22,nPower Peg,14.99,http://ecx.images-amazon.com/images/I/61t84qdK%2ByL._SL1500_.jpg,http://amzn.to/1OpiYvX
4,22,Mission Belt,30.00,http://ecx.images-amazon.com/images/I/61ddZNUfr9L._UX679_.jpg,http://amzn.to/1YD4uYV
4,22,Fishing Ammo,4.89,http://ecx.images-amazon.com/images/I/71r38vMweGL._SL1001_.jpg,http://amzn.to/1YD4vMq
4,24,Tom and Chee, 25.00,http://ecx.images-amazon.com/images/I/51PQuisuYpL.jpg,http://amzn.to/1Opj7PV
4,24,Ryan’s Barkery,11.30,http://ecx.images-amazon.com/images/I/51KqCt+gX4L._AA160_.jpg,http://amzn.to/1YD4EPQ
4,25,Kazam,60.00,http://ecx.images-amazon.com/images/I/81OCgiIM0DL._SL1500_.jpg,http://amzn.to/1OpjdHm
4,26,LiddUp,218.27,http://ecx.images-amazon.com/images/I/71EXJewnYgL._SL1500_.jpg,http://amzn.to/1YD4Pe4
4,26,Gobie H2O,11.24,http://ecx.images-amazon.com/images/I/71FbU5AyynL._SL1500_.jpg,http://amzn.to/1YD4Tuh
5,1,180 Cup,12.94,http://ecx.images-amazon.com/images/I/81ehBn8NqYL._SL1500_.jpg,http://amzn.to/1YD4UhT
5,1,Tree T Pee,20.95,http://ecx.images-amazon.com/images/I/81nIxVIlANL._SL1500_.jpg,http://amzn.to/1OpjrOI
5,1,Better Life,4.99,http://ecx.images-amazon.com/images/I/71pHwDltraL._SX522_.jpg,http://amzn.to/1Opjv0M
5,2,Cow Wow,8.67,http://ecx.images-amazon.com/images/I/41CrfvFXNUL._SY450_.jpg,http://amzn.to/1YD52Op
5,2,The Cookie Dough Cafe,78.34,http://ecx.images-amazon.com/images/I/5150OBUo2EL.SX500_SY470_CR,0,0,500,470_PIbundle-8,TopRight,0,0_SX500_SY470_CR,0,0,500,470_SH20_.jpg,http://amzn.to/1OpjDO5
5,2,Nexersys,1499.00,http://ecx.images-amazon.com/images/I/61rVGmTd57L._SL1500_.jpg,http://amzn.to/1OpjH0c
5,3,Rapid Ramen,6.93,http://ecx.images-amazon.com/images/I/61LzJQgUIlL._SL1000_.jpg,http://amzn.to/1YD5igq
5,3,Fairytale Wishes,28.45,http://ecx.images-amazon.com/images/I/91b28Vkul6L._SL1500_.jpg,http://amzn.to/1YD5koD
5,4,Sweet Ballz,27.99,http://ecx.images-amazon.com/images/I/81vzuBrrEvL._SX522_.jpg,http://amzn.to/1OpjOJe
5,4,Lynnae’s Gourmet Pickles,9.49,http://ecx.images-amazon.com/images/I/51nKirq-vsL._AA160_.jpg,http://amzn.to/1YD5oVp
5,5,Breathometer,64.99,http://ecx.images-amazon.com/images/I/81%2BXLCj%2BlkL._SY679_.jpg,http://amzn.to/1OpjWZf
5,5,Kane and Couture,26.00,http://ecx.images-amazon.com/images/I/41NjcB0qg3L.jpg,http://amzn.to/1YD5MmM
5,6,Rufflebutts & Ruggedbutts,21.49,http://ecx.images-amazon.com/images/I/71BQild1nlL._UX679_.jpg,http://amzn.to/1YD5Oeh
5,6,BareEASE,11.39,http://ecx.images-amazon.com/images/I/71TS%2BsZD7yL._SX522_.jpg,http://amzn.to/1YD5Q5P
5,7,ScreenMend,7.39,http://ecx.images-amazon.com/images/I/511mRVLy05L._SY450SX360_SY450_CR,0,0,360,450_PIbundle-2,TopRight,0,0_SX360_SY450_CR,0,0,360,450_SH20_.jpg,http://amzn.to/1Opk5M7
5,7,Hamboards,66.94,http://ecx.images-amazon.com/images/I/414JEqVb6ML._SY450_.jpg,http://amzn.to/1YD5U5M
5,7,Sunday Night Slow Jams,12.99,http://ecx.images-amazon.com/images/I/81aIKP00rlL._SX425_.jpg,http://amzn.to/1YD5VXc
5,8,Pet Paint,16.03,http://ecx.images-amazon.com/images/I/51bU2vxNrEL._SY450_.jpg,http://amzn.to/1Opk9vj
5,8,Belly Buds,49.99,http://ecx.images-amazon.com/images/I/91eBnupjT3L._SL1500_.jpg,http://amzn.to/1Opk7Ul
5,9,FiberFix,7.98,http://ecx.images-amazon.com/images/I/61hv0eUprUL._SL1000_.jpg,http://amzn.to/1OpkbDE
5,10,Slawsa,19.95,http://ecx.images-amazon.com/images/I/51WePLWmd7L.SX445_SY359_CR,0,0,445,359_PIbundle-6,TopRight,0,0_SX445_SY359_CR,0,0,445,359_SH20_.jpg,http://amzn.to/1Opkf6c
5,10,DoorBot,197.99,http://ecx.images-amazon.com/images/I/41B7kZJpZLL._SY450_.jpg,http://amzn.to/1YD66Sp
5,11,Yubo,27.58,http://ecx.images-amazon.com/images/I/410kgfaTg3L.jpg,http://amzn.to/1OpkjmA
5,11,Grace and Lace,10.99,http://ecx.images-amazon.com/images/I/71LuabBkOpL._UY879_.jpg,http://amzn.to/1YD6bph
5,12,Tipsy Elves,39.86,http://ecx.images-amazon.com/images/I/51fN9sFbRbL._AA160_.jpg,http://amzn.to/1YD6joA
5,13,Fohawx,8.08,http://ecx.images-amazon.com/images/I/41ihIHlYUCL.jpg,http://amzn.to/1Opkn5A
5,13,SpiritHoods,19.99,http://ecx.images-amazon.com/images/I/518MO5EpYPL._AA160_.jpg,http://amzn.to/1YD6lNd
5,14,Invisiplug,14.99,http://ecx.images-amazon.com/images/I/81EISYVll1L._SL1500_.jpg,http://amzn.to/1OpkrlO
5,14,LockerBones,22.96,http://ecx.images-amazon.com/images/I/3164XJ-SnWL._SY450_.jpg,http://amzn.to/1Opkuy3
5,15,Eyebloc,4.99,http://ecx.images-amazon.com/images/I/31MtfsKJTBL.jpg,http://amzn.to/1YD6tw8
5,15,Wall Rx,6.99,http://ecx.images-amazon.com/images/I/91gfyllph0L._SL1500_.jpg,http://amzn.to/1YD6vUU
5,16,Boo Boo Goo,19.01,http://ecx.images-amazon.com/images/I/51ByFehyf9L._SY679_.jpg,http://amzn.to/1YD6xfy
5,16,Define Bottle,19.99,http://ecx.images-amazon.com/images/I/51BBevEXg3L._SL1024_.jpg,http://amzn.to/1YD6z7b
5,16,Henry’s Humdingers,3.99,http://ecx.images-amazon.com/images/I/61K6Zpr9Z9L._SX522_.jpg,http://amzn.to/1Opkz50
5,17,Buzzy,39.95,http://ecx.images-amazon.com/images/I/617SaxzWbbL._SX522_.jpg,http://amzn.to/1YD6D6Y
5,17,Bambooee,14.66,http://ecx.images-amazon.com/images/I/419ksfeRf+L._AA160_.jpg,http://amzn.to/1OpkBdb
5,18,SwimZip,34.99,http://ecx.images-amazon.com/images/I/31OQLi7RXeL.jpg,http://amzn.to/1YD6Ir9
5,18,FitDeck,4.50,http://ecx.images-amazon.com/images/I/71xuzrEqMWL._SL1500_.jpg,http://amzn.to/1YD6LTP
5,18,Life Caps,14.19,http://ecx.images-amazon.com/images/I/41VPYnFatTL._SY450_.jpg,http://amzn.to/1YD6L6s
5,19,Lord Nut Levington,9.98,http://ecx.images-amazon.com/images/I/91C%2BLYD2mKL._SX522_.jpg,http://amzn.to/1OpkJtc
5,19,Hold Your Haunches,139.00,http://ecx.images-amazon.com/images/I/71VpWTeNthL._UY879_.jpg,http://amzn.to/1RIb01m
5,20,DDPYoga,22.99,http://ecx.images-amazon.com/images/I/91UFxvvC9yL._SX425_.jpg,http://amzn.to/1RIb3ue
5,21,The Buffer Bit,10.99,http://ecx.images-amazon.com/images/I/61h-qR-Z-fL._SL1200_.jpg,http://amzn.to/1RIbd4y
5,21,U-Lace,8.99,http://ecx.images-amazon.com/images/I/31HIqPcr0TL.jpg,http://amzn.to/1RIbjt1
5,21,Revolights,37.99,http://ecx.images-amazon.com/images/I/71OoWfNyznL._SL1000_.jpg,http://amzn.to/1OpkWwp
5,22,Crio Bru,24.95,http://ecx.images-amazon.com/images/I/81pc14T1hYL._SY679_.jpg,http://amzn.to/1OpkZID
5,22,Mo’s Bows,8.84,http://ecx.images-amazon.com/images/I/71ZS22vCisL._UX679_.jpg,http://amzn.to/1RIbnZS
5,23,Chapul,13.97,http://ecx.images-amazon.com/images/I/519r-3GFHBL._AA160_.jpg,http://amzn.to/1RIbp3W
5,24,Power Pot,84.99,http://ecx.images-amazon.com/images/I/41XYYXC-IfL.jpg,http://amzn.to/1RIbq84
5,25,Bon Affair,15.00,https://images-na.ssl-images-amazon.com/images/I/51kFQo0kvNL.jpg,http://amzn.to/1Opl2UB
5,25,Oru Kayak,1275.00,http://ecx.images-amazon.com/images/I/61rD2zqDfKL._SL1500_.jpg,http://amzn.to/1RIbt3F
5,26,Angel Lift,15.95,http://ecx.images-amazon.com/images/I/71xuPty6ZOL._SX522_.jpg,http://amzn.to/1Opl6DU
5,26,HangEase,9.99,http://ecx.images-amazon.com/images/I/313yTj4RuNL._AA160_.jpg,http://amzn.to/1RIbzZ6
5,26,Susty Party,12.99,http://ecx.images-amazon.com/images/I/71HD1TIm3qL._SL1500_.jpg,http://amzn.to/1RIbAMv
5,27,Baker’s Edge,35.95,http://ecx.images-amazon.com/images/I/41TpFxp9GRL.jpg,http://amzn.to/1OplbaT
5,27,Tie-Not,2.99,http://ecx.images-amazon.com/images/I/91-mLZ45JdL._SL1500_.jpg,http://amzn.to/1RIbFzL
5,28,Paint Brush Cover,12.97,http://ecx.images-amazon.com/images/I/61x9la6IRUL._SL1001_.jpg,http://amzn.to/1OplfHF
5,28,Monkey Mat,19.99,http://ecx.images-amazon.com/images/I/9121lzFF21L._SL1500_.jpg,http://amzn.to/1RIbHaQ
5,28,Plated,19.99,http://ecx.images-amazon.com/images/I/81jbyrQ8RKL._SL1500_.jpg,http://amzn.to/1RIbHYE
5,29,Ilumi,59.99,http://ecx.images-amazon.com/images/I/51yrGpZlEiL._SY300_.jpg,http://amzn.to/1RIbLaF
5,29,Wine Doctor,27.99,http://ecx.images-amazon.com/images/I/715cU0lkbaL._SL1500_.jpg,http://amzn.to/1RIbODs
6,01,Amber,,http://ecx.images-amazon.com/images/I/81lLLNX8JAL._SL1500_.jpg,http://amzn.to/1Vd0zBN
6,01,Bombas,,http://bombas.scdn1.secure.raxcdn.com/media/catalog/product/cache/1/small_image/500x/9df78eab33525d08d6e5fb8d27136e95/m/e/xmen_merinowool_3pack_3.jpg.pagespeed.ic.tXzGDFJTnW.jpg,http://www.bombas.com/
6,01,Sleeping Baby,,http://ecx.images-amazon.com/images/I/91FC9hxJ43L._SL1500_.jpg,http://amzn.to/1m7Ftta
6,02,Floating Mug Company,14.99,http://ecx.images-amazon.com/images/I/71bE3uE3qYL._SL1500_.jpg,http://amzn.to/1VcZSs8
6,02,Kronos Putters,,http://ecx.images-amazon.com/images/I/51E367fs1YL.jpg,http://amzn.to/1m7Fmh5
6,02,Roominate,39.99,http://ecx.images-amazon.com/images/I/7121tnn3xQL._SL1356_.jpg,http://amzn.to/1m7Fjlm
6,03,Heart Pup,521,http://ecx.images-amazon.com/images/I/514B5gaPtPL.jpg,http://amzn.to/1m7Fhdo
6,03,Ninja Cards,35.99,http://ecx.images-amazon.com/images/I/81Dn1BO7TaL._SL1500_.jpg,http://amzn.to/1VcZmdP
6,03,Soap Sox,14.95,http://ecx.images-amazon.com/images/I/31Dpgm-fcTL.jpg,http://amzn.to/1m7FahS
6,04,Beat Box Beverages,,http://www.beatboxbeverages.com/wp-content/uploads/2014/03/beatboxlogo1.png,http://www.beatboxbeverages.com/
6,04,Emergensee,27,http://ecx.images-amazon.com/images/I/51Aev%2BQktrL._UX679_.jpg,http://amzn.to/1m7F8GF
6,05,Jungle Jumparoo,249,http://ecx.images-amazon.com/images/I/81DsH9ZqYCL._SL1500_.jpg,http://amzn.to/1VcYINt
6,05,SunStaches,7.49,http://ecx.images-amazon.com/images/I/51tgkyFRGkL._UX679_.jpg,http://amzn.to/1m7F0ad
6,06,Paper Box Pilots,15,http://ecx.images-amazon.com/images/I/71KCaBcN7FL._SL1000_.jpg,http://amzn.to/1m7EUPS
6,06,Reviver,6.95,http://ecx.images-amazon.com/images/I/81GO9NbzXmL._SX522_.jpg,http://amzn.to/1VcYhCO
6,06,Table Jack,14.95,http://ecx.images-amazon.com/images/I/51EJvbnpCiL._SL1024_.jpg,http://amzn.to/1m7EOIf
6,07,Bottle Bright,11.85,http://ecx.images-amazon.com/images/I/81J4nH8eyXL._SL1500_.jpg,http://amzn.to/1VcY56u
6,07,evREwares,9,http://ecx.images-amazon.com/images/I/51vX0UTSGmL._UY879_.jpg,http://amzn.to/1VcY1Um
6,07,Scratch and Grain Baking Company,6.69,http://ecx.images-amazon.com/images/I/71MZu7rHaQL._SX522_.jpg,http://amzn.to/1VcXTnP
6,08,Bottle Breacher,12,http://ecx.images-amazon.com/images/I/71zwWxSB8uL._SL1500_.jpg,http://amzn.to/1VcXLEI
6,08,Man Pack,62,http://ecx.images-amazon.com/images/I/91I0nh49yXL._UY879_.jpg,http://amzn.to/1VcXodn
6,08,The Natural Grip,21,http://ecx.images-amazon.com/images/I/510AZtwWk6L._SX522_.jpg,http://amzn.to/1VcXeme
6,09,BeardBrand,25,http://ecx.images-amazon.com/images/I/41GROlymzOL.jpg,http://amzn.to/1VcXcuQ
6,09,Myself Belts,16.95,http://www.wrightstuff.biz/assets/images/2myself-belt-youth.jpg,http://amzn.to/1VcX26t
6,09,SingTrix,349.99,http://ecx.images-amazon.com/images/I/71hYLXrnYXL._SL1500_.jpg,http://amzn.to/1m7EqJz
6,09,Titin,206,http://ecx.images-amazon.com/images/I/717%2BgtkROGL._SL1200_.jpg,http://amzn.to/1m7EpFF
6,10,Heidi Ho,,https://cdn.nexternal.com/vegane/images/HeidoHoChiaCheezeNewLG.jpg,https://store.veganessentials.com/chia-cheeze-sauce-by-heidi-ho-veganics-p4242.aspx
6,10,Pipcorn,,http://ecx.images-amazon.com/images/I/41hKB4NZulL.jpg,http://amzn.to/1m7El8Q
6,10,Squatty Potty,28,http://ecx.images-amazon.com/images/I/41iU2XTOhXL.jpg,http://amzn.to/1VcW5er
6,10,Storm Stoppers,,http://www.plywoodalternative.com/wp-content/uploads/ss-header-960w-blue-bckgrd-hurricane.jpg,http://www.plywoodalternative.com/
6,11,Skinny Shirt,68,http://ecx.images-amazon.com/images/I/61srFuNC5IL._UX679_.jpg,http://amzn.to/1OpeYvu
6,12,Earth Log,38.50,http://ecx.images-amazon.com/images/I/81aTqxPF3fL._SY450_.jpg,http://amzn.to/1YCZjYN
6,12,Kitchen Safe,59.95,http://ecx.images-amazon.com/images/I/7166MO55CnL._SL1500_.jpg,http://amzn.to/1YCZi7r
6,12,Magic Cook,12.49,http://ecx.images-amazon.com/images/I/71rMzbQef6L._SL1500_.jpg,http://amzn.to/1OpeHsw
6,12,Off the Cob Tortilla Chips,,http://www.offthecobchips.com/images/sweet-vs-grain_sweet.png,http://www.offthecobchips.com/
6,13,Biaggi,75,http://ecx.images-amazon.com/images/I/61xgxssevKL._UX679_.jpg,http://amzn.to/1YCYZt7
6,13,Gameday Couture,38.40,http://ecx.images-amazon.com/images/I/61EHW2pc14L._UX679_.jpg,http://amzn.to/1YCYY8s
6,13,SWAG Essentials,20.35,http://ecx.images-amazon.com/images/I/51eNuEHYdTL.jpg,http://amzn.to/1YCYX4y
6,13,Zipz,,https://images-na.ssl-images-amazon.com/images/I/71Vfnpqp1lL.jpg,http://amzn.to/1Opew0d
6,14,EveDrop,45.95,http://ecx.images-amazon.com/images/I/81tKLlCx4TL._SL1500_.jpg,http://amzn.to/1OpepBS
6,14,Hoppy Paws,6.99,http://ecx.images-amazon.com/images/I/61%2BYtmCov3L._SL1000_.jpg,http://amzn.to/1OpemGe
6,14,Mensch on a Bench,50,http://ecx.images-amazon.com/images/I/61w6D-psC%2BL._SY450_.jpg,http://amzn.to/1Opeo0E
6,14,QFlex,24.99,http://ecx.images-amazon.com/images/I/819Oe1ARMiL._SX522_.jpg,http://amzn.to/1YCYEqv
6,15,BeverageBoy,19.99,http://ecx.images-amazon.com/images/I/71g8jdavVJL._SL1500_.jpg,http://amzn.to/1YCYAXG
6,15,Funbites,8.08,http://ecx.images-amazon.com/images/I/81BFTtT2vXL._SL1500_.jpg,http://amzn.to/1YCYxLs
6,15,Himalayan Dog Chew,21.99,http://ecx.images-amazon.com/images/I/71P5vzixXgL._SY450_.jpg,http://amzn.to/1YCYwai
6,15,LipBar,20,http://ecx.images-amazon.com/images/I/31D7Oao%2BZWL.jpg,http://amzn.to/1Ope6XA
6,16,Balm Chicky Balm Balm,8,http://ecx.images-amazon.com/images/I/910d9pV6bML._SL1500_.jpg,http://amzn.to/1Ope8ig
6,16,BedJet,949,http://ecx.images-amazon.com/images/I/61U%2Bp2gn-FL._SL1086_.jpg,http://amzn.to/1Ope0PG
6,16,Drain Strain,,http://ecx.images-amazon.com/images/I/81%2BdlqpwzOL._SL1500_.jpg,http://amzn.to/1YCYlMj
6,16,Fresh Patch,19,http://ecx.images-amazon.com/images/I/51sw9fD4rIL.jpg,http://amzn.to/1OpdYaw
6,17,Keen Home,84.99,http://ecx.images-amazon.com/images/I/61CsKaQaOVL._SY500_.jpg,http://amzn.to/1YCYgIo
6,17,LuminAID,29.95,http://ecx.images-amazon.com/images/I/716ARGQcIwL._SL1500_.jpg,http://amzn.to/1OpdS2L
6,17,Taaluma Totes,,https://s-media-cache-ak0.pinimg.com/236x/20/d9/94/20d994fedd8b5204ab383157586bfacc.jpg,http://amzn.to/1YCXVFN
6,18,BedRyder,699,http://ecx.images-amazon.com/images/I/413i-0a0UiL.jpg,http://amzn.to/1YCXP0T
6,18,Coco Jack,9.99,http://ecx.images-amazon.com/images/I/41mVzxO31HL._SY450_.jpg,http://amzn.to/1YCXPxI
6,18,Twin Z Pillow,89.99,http://ecx.images-amazon.com/images/I/91yfCOUr0ML._SL1500_.jpg,http://amzn.to/1Opdykx
6,19,TurboPUP,17.99,http://ecx.images-amazon.com/images/I/81Tsd12c%2BeL._SL1500_.jpg,http://ecx.images-amazon.com/images/I/81Tsd12c%2BeL._SL1500_.jpg
6,19,Lumio,259.99,http://ecx.images-amazon.com/images/I/41vcq98PW9L._SX466_.jpg,http://amzn.to/1YCXCL8
6,19,Napwell,,https://ksr-ugc.imgix.net/projects/723146/photo-original.png?v=1397851967&w=1536&h=1152&fit=crop&auto=format&q=92&s=7d9e292334b58e3907cf979e29b06078,http://napwell.com/
6,20,GreenBox,30.75,http://ecx.images-amazon.com/images/I/81PfQa0gn7L._SL1500_.jpg,http://amzn.to/1YCXtr4
6,20,PhoneSoap,89.57,http://ecx.images-amazon.com/images/I/61iuGYiVRdL._SL1500_.jpg,http://amzn.to/1YCXueG
6,20,Victoria’s Kitchen,,http://ecx.images-amazon.com/images/I/31dpD3BH-2L.jpg,http://amzn.to/1Opd6my
6,21,Aqua Vault,39,http://ecx.images-amazon.com/images/I/51wGokBqZrL._SL1000_.jpg,http://amzn.to/1YCXefE
6,21,Emazing Lights,30,http://ecx.images-amazon.com/images/I/616x1B7pFdL._SL1000_.jpg,http://amzn.to/1YCW57I
6,21,Naja,18,http://ecx.images-amazon.com/images/I/813gdiZ084L._UY879_.jpg,http://amzn.to/1YCW1F7
6,22,BoobyPack,55,http://ecx.images-amazon.com/images/I/61e9qPlPp3L._UY879_.jpg,http://amzn.to/1YCVToZ
6,22,Gold Rush Nugget Bucket,129.95,http://ecx.images-amazon.com/images/I/81bUOSugyiL._SL1500_.jpg,http://amzn.to/1OpbZTK
6,22,Lumi,,http://ecx.images-amazon.com/images/I/71VLFd9a6IL._SL1500_.jpg,http://amzn.to/1OpbYPz
6,22,Sseko Designs,,http://ecx.images-amazon.com/images/I/71dUQfX5KNL._UY575_.jpg,http://amzn.to/1YCVNh5
6,23,Shark Wheel,69.95,http://ecx.images-amazon.com/images/I/71waqk3uOXL._SL1263_.jpg,http://amzn.to/1OpbTvg
6,23,Spikeball,59.99,http://ecx.images-amazon.com/images/I/51YJa0ZudTL.jpg,http://amzn.to/1YCVJ10
6,23,Sway Motorsports,,http://www.swaymotorsports.com/dist/img/motorcycle-parking.jpg,http://www.swaymotorsports.com/
6,24,Noene,29.99,http://ecx.images-amazon.com/images/I/41vNFhivOyL.jpg,http://amzn.to/1OpbJ7d
6,24,ZinePak,,http://ecx.images-amazon.com/images/I/91RZZjqAqwL._SX425_.jpg,http://amzn.to/1YCVvHe
6,25,SynDaver Labs,,http://ecx.images-amazon.com/images/I/61LtD+K7BVL._AA200_.png,http://amzn.to/1YCV6o7
6,26,Frameri,,https://frameri.com/img/glasses_breakdown.jpg,https://frameri.com/
6,26,World Record Striper Company,10,http://ecx.images-amazon.com/images/I/615HQ-6t6ML._SL1280_.jpg,http://amzn.to/1NN1zrx
6,26,Zero Pollution Motors,,http://zeropollutionmotors.us/wordpress/wp-content/uploads/2013/12/whitepod-300x274.png,http://zeropollutionmotors.us/
6,27,Beneath the Ink,4.99,http://ecx.images-amazon.com/images/I/51vQeLA9ZlL._SX320_BO1,204,203,200_.jpg,http://amzn.to/1NN1qEx
6,27,Melni Connectors,,http://www.melniconnectors.com/wp-content/uploads/2014/09/Shark-Tank-2-1-300x200.jpg,http://www.melniconnectors.com/
6,27,NeatCheeks,8.37,http://ecx.images-amazon.com/images/I/51imEEu3fDL._SY450_.jpg,http://amzn.to/1YCUNcZ
6,27,PittMoss,,https://s-media-cache-ak0.pinimg.com/736x/80/74/8b/80748beb54e52c552752c6617cc6d913.jpg,http://amzn.to/1YCUMpv
6,28,Bee Sweet Lemonade,,http://beesweetlemonade.com/,http://amzn.to/1NN1aoN
6,28,Brand Yourself,,https://heavyeditorial.files.wordpress.com/2015/07/pat-brand.jpg?quality=65&strip=all&strip=all,http://amzn.to/1YCUCOM
6,28,Home T,25,http://ecx.images-amazon.com/images/I/61mVZBETO9L._UX679_.jpg,http://amzn.to/1YCUyi5
6,28,iCPooch,,http://ecx.images-amazon.com/images/I/71h0uqA7QNL._SL1500_.jpg,http://amzn.to/1YCUxdP
6,29,Bee Thinking,499.99,http://ecx.images-amazon.com/images/I/61QejCwzsiL._SL1200_.jpg,http://amzn.to/1YCUwqm
6,29,Budsies,69,http://steamykitchen.com/wp-content/uploads/2015/09/budsies-review-2-640x430.jpg,http://www.budsies.com/
6,29,Forus Athletics,,http://wearforus.com/homepage/images/360/usa-1.jpg,http://wearforus.com/homepage/
6,29,PullyPalz,19.99,http://ecx.images-amazon.com/images/I/41y5N-bthBL._SY450_.jpg,http://amzn.to/1NN0JLo
7,01,Acton Rocket Skates,499.99,http://ecx.images-amazon.com/images/I/71%2BRu6sRDgL._SL1500_.jpg,http://amzn.to/1NN0Fv7
7,01,Beebo,,http://ecx.images-amazon.com/images/I/81irxVWq2RL._SL1500_.jpg,http://amzn.to/1NN0Czq
7,01,McClary Brothers Drinking Vinegars,19.99,http://ecx.images-amazon.com/images/I/61YioZMdCuL._SY679_.jpg,http://amzn.to/1NN0BeL
7,01,SignalVault,15,http://ecx.images-amazon.com/images/I/41GwsBq9m%2BL.jpg,http://amzn.to/1YCU2QZ
7,02,Loliware,,http://static1.squarespace.com/static/53234071e4b0bbee87739cc9/t/5671bf580ab3774b345550a8/1450295130616/LOLIWARE_sharktank_promo.jpg?format=1500w,http://www.loliware.com/
7,02,Mikki Bey Eyelash Extensions,,http://mblashes.com/wp-content/uploads/2015/01/MB5-737x1024.jpg,http://mblashes.com/
7,02,ODANG Hummus,,http://cdn2.business2community.com/wp-content/uploads/2015/10/odang-photo-01.jpg,http://www.odanghummus.com/
7,03,Foot Cardigan,,http://cdn2.business2community.com/wp-content/uploads/2015/10/foot-cardigan-socks.jpg,http://www.footcardigan.com/
7,03,Nerdwax,12.99,http://ecx.images-amazon.com/images/I/61Aevnb9XbL._SX522_.jpg,http://amzn.to/1NN0hN2
7,03,Two Guys Bowtie Company,,http://ecx.images-amazon.com/images/I/61nT9WEKKML._UX679_.jpg,http://amzn.to/1YCTIlh
7,04,HotShot,,https://heavyeditorial.files.wordpress.com/2015/10/hot-shot.jpg?quality=65&strip=all,http://amzn.to/1YCTzOK
7,04,Rent Like a Champion,,https://pbs.twimg.com/profile_images/615910440271372288/EIc6zn85.jpg,https://rentlikeachampion.com/
7,04,Stem Center,,http://stemcenterusa.com/mysite/images/stem-home1.jpg,http://stemcenterusa.com/
7,04,Windcatcher,13.40,http://ecx.images-amazon.com/images/I/6176agr-Z3L._SL1000_.jpg,http://amzn.to/1YCThrb
7,05,The Skinny Mirror,,http://ecx.images-amazon.com/images/I/611Je6VqTxL._SL1000_.jpg,http://amzn.to/1NMZN9C
7,05,Switch Witch,18.95,http://ecx.images-amazon.com/images/I/51AnA1tXBcL._SY450_.jpg,http://amzn.to/1NMZJH2
7,05,Three Jerks Beef Jerky,19.99,http://ecx.images-amazon.com/images/I/41PhLt2WDBL.jpg,http://amzn.to/1NMZFHb
7,05,XCraft – X PlusOne,,http://xcraft.io/wp-content/uploads/2015/10/meetthexplusone2.jpg,http://xcraft.io/
7,06,Dude Wipes,8.35,http://ecx.images-amazon.com/images/I/61i9yOSt%2BML._SX522_.jpg,http://amzn.to/1NMZrzQ
7,06,EZ Pee Z,,http://sharktankblog.com/wp-content/uploads/2015/10/ez-pee-z-590x263.jpg,http://www.ezpeez.com/
7,06,Milk and Brookies,,http://static.squarespace.com/static/53bc5173e4b026326f829036/t/53bcce01e4b095b6a429e188/1404882433796/14600777042_93c816e304_k.jpg,http://www.milkandbrookies.com/
7,07,Wink Frozen Desserts,,http://ecx.images-amazon.com/images/I/61bFhvUfvgL._SL1000_.jpg,http://amzn.to/1NMZj3w
7,07,Saavy Naturals,,http://ecx.images-amazon.com/images/I/51X%2BB1o9dwL._SY679_.jpg,http://amzn.to/1QY7vCo
7,07,Clean Cube,,http://bkaccelerator.com/wp-content/uploads/2014/11/Clean_Cube_1-1024x682.jpg,https://www.thecleancube.com/
7,07,Simply Fit Board,,http://ecx.images-amazon.com/images/I/41MYjVv5iZL.jpg,http://amzn.to/1QY7iPu
7,08,AFreSHeet,29.99,http://ecx.images-amazon.com/images/I/31y6LAHY9lL.jpg,http://amzn.to/1NMYRSQ
7,08,Grip Clean,,http://ecx.images-amazon.com/images/I/41uEEcxO90L.jpg,http://amzn.to/1NMYO9u
7,08,Polar Pro,49.99,http://ecx.images-amazon.com/images/I/41F5y9COKNL._SY450_.jpg,http://amzn.to/1NMYMyx
7,08,UnShrinkIt,11.98,http://ecx.images-amazon.com/images/I/41pT2D70oLL.jpg,http://amzn.to/1NMYI1M
7,09,Brazi Bites,,http://ecx.images-amazon.com/images/I/61gP1K0IXpL._SX522AA522_PIbundle-12,TopRight,0,0_AA522_SH20_.jpg,http://amzn.to/1NMYFTs
7,09,Umano,,http://cdn.shopify.com/s/files/1/0916/3366/products/umanotarian_ATLAS_grey_crewneck_torso_1024x1024.jpg?v=1447877723,http://umano.com/
7,09,Socktabs,9.99,http://ecx.images-amazon.com/images/I/61SE2qLSVaL._SL1398_.jpg,http://amzn.to/1QY75vD
7,10,Glow Recipe,,http://cdn.shopify.com/s/files/1/0543/8301/products/Blithe_Tundra_Chaga_Pressed_Serum_shark_large.gif?v=1449269831,http://www.glowrecipe.com/
7,10,Leaux Racing Trikes,599.99,http://ecx.images-amazon.com/images/I/41AJAKJICRL.jpg,http://amzn.to/1QY6SJ1
7,10,Sarah Oliver Handbags,199,http://saraholiverhandbags.com/wp-content/uploads/2015/09/resort_wristlet_black_optimized-510x392.jpg,http://saraholiverhandbags.com/
7,10,Trunkster,355,http://www.thewildsmithberrys.com/wp-content/uploads/2012/12/Trunkster-Intelligent-Zipperless-Luggage-11.jpg,http://www.trunkster.co/
7,11,BeardHead,19.99,http://ecx.images-amazon.com/images/I/91xJJmowELL._SL1500_.jpg,http://amzn.to/1NMY2cP
7,11,GeekMyTree,249.99,http://ecx.images-amazon.com/images/I/61SSjTKi9tL._SL1500_.jpg,http://amzn.to/1NMXZxC
7,11,Lovepop,12,http://ecx.images-amazon.com/images/I/71pMnc0f64L._SX1200_.jpg,http://amzn.to/1NMXWBG
7,11,PiperWai,29.99,http://ecx.images-amazon.com/images/I/51oCF2PgylL.jpg,http://amzn.to/1QY6wSO